Workbook

Sheet HR_Data
A1: 👤 HR EMPLOYEE RECORDS — FY 2024-25
A2: Emp_ID | B2: Employee Name | C2: Department | D2: Salary (₹) | E2: Performance Rating (1-5)
A3: E001 | B3: Aarav Shah | C3: HR | D3: 87950 | E3: 4
A4: E002 | B4: Priya Mehta | C4: IT | D4: 61224 | E4: 5
A5: E003 | B5: Rahul Verma | C5: Finance | D5: 58435 | E5: 2
A6: E004 | B6: Sneha Patil | C6: Marketing | D6: 67562 | E6: 2
A7: E005 | B7: Karan Joshi | C7: Operations | D7: 46348 | E7: 3
A8: E006 | B8: Divya Nair | C8: HR | D8: 85209 | E8: 5
A9: E007 | B9: Amit Yadav | C9: IT | D9: 105599 | E9: 1
A10: E008 | B10: Neha Gupta | C10: Finance | D10: 116778 | E10: 4
A11: E009 | B11: Rohan Kapoor | C11: Marketing | D11: 61144 | E11: 4
A12: E010 | B12: Pooja Tiwari | C12: Operations | E12: 5
A13: E011 | B13: Vijay Reddy | C13: HR | D13: 112123 | E13: 2
A14: E012 | B14: Ananya Singh | C14: IT | D14: 84018 | E14: 4
A15: E013 | B15: Suresh Kumar | C15: Finance | D15: 62864 | E15: 2
A16: E014 | B16: Meera Iyer | C16: Marketing | D16: 95487 | E16: 2
A17: E014 | B17: Deepak Patel | C17: Operations | D17: 109306 | E17: 3
A18: E016 | B18: Kavita Sharma | C18: HR | D18: 45874 | E18: 5
A19: E017 | B19: Arun Bose | C19: IT | D19: 46508 | E19: 4
A20: E018 | B20: Ritu Saxena | C20: Finance | D20: 76468 | E20: 4
A21: E019 | B21: Manish Dubey | C21: Marketing | D21: 40590 | E21: 3
A22: E020 | B22: Swati Jain | C22: Operations | E22: 5
A23: E021 | B23: Harish Rao | C23: HR | D23: 35998 | E23: 4
A24: E022 | B24: Preeti Desai | C24: IT | D24: 61707 | E24: 3
A25: E023 | B25: Sunil Mishra | C25: Finance | D25: 105033 | E25: 1
A26: E024 | B26: Anjali Sinha | C26: Marketing | D26: 95566 | E26: 5
A27: E025 | B27: Tushar More | C27: Operations | D27: 60962 | E27: 5
A28: E026 | B28: Leela Nambiar | C28: HR | D28: 95647 | E28: 1
A29: E027 | B29: Aditya Roy | C29: IT | D29: 81861 | E29: 2
A30: E028 | B30: Sunita Choudhary | C30: Finance | E30: 2
A31: E029 | B31: Priya Mehta | C31: Marketing | D31: 56077 | E31: 4
A32: E030 | B32: Bhavna Pillai | C32: Operations | D32: 113042 | E32: 2
A33: ⚠ Edge Cases: Rows 12, 22, 30 have blank Salary | Row 16: Duplicate Emp_ID E014 | Row 29: Duplicate Name 'Priya Mehta'
A35: 📋 HLOOKUP REFERENCE TABLE — Performance Rating Scale
A36: Rating → | B36: 1 | C36: 2 | D36: 3 | E36: 4 | F36: 5
A37: Grade | B37: Poor | C37: Fair | D37: Average | E37: Good | F37: Excellent
A38: Bonus % | B38: 0% | C38: 5% | D38: 10% | E38: 15% | F38: 20%

Sheet Solutions
A1: ✅ SOLUTION SHEET — VLOOKUP · HLOOKUP · INDEX · MATCH · INDEX-MATCH
A2: 📌 VLOOKUP
A3: Task Description | B3: Formula | C3: Live Result
A4: Look up Department for E005 | B4: =VLOOKUP("E005",HR_Data!$A$3:$E$32,3,FALSE()) -> Operations | C4: =VLOOKUP("E005",HR_Data!$A$3:$E$32,3,FALSE()) -> Operations
A5: Look up Salary for E012 | B5: =IFERROR(VLOOKUP("E012",HR_Data!$A$3:$E$32,4,FALSE()),"Not Found") -> 84018 | C5: =IFERROR(VLOOKUP("E012",HR_Data!$A$3:$E$32,4,FALSE()),"Not Found") -> 84018
A6: Look up Performance Rating for E020 | B6: =IFERROR(VLOOKUP("E020",HR_Data!$A$3:$E$32,5,FALSE()),"Blank") -> 5 | C6: =IFERROR(VLOOKUP("E020",HR_Data!$A$3:$E$32,5,FALSE()),"Blank") -> 5
A8: 📌 HLOOKUP
A9: Task Description | B9: Formula | C9: Live Result
A10: Get Grade for Rating = 4 | B10: =HLOOKUP(4,HR_Data!$B$36:$F$37,2,FALSE()) -> Good | C10: =HLOOKUP(4,HR_Data!$B$36:$F$37,2,FALSE()) -> Good
A11: Get Bonus% for Rating = 2 | B11: =HLOOKUP(2,HR_Data!$B$36:$F$38,3,FALSE()) -> 5% | C11: =HLOOKUP(2,HR_Data!$B$36:$F$38,3,FALSE()) -> 5%
A12: Get Grade for Rating = 5 | B12: =HLOOKUP(5,HR_Data!$B$36:$F$37,2,FALSE()) -> Excellent | C12: =HLOOKUP(5,HR_Data!$B$36:$F$37,2,FALSE()) -> Excellent
A14: 📌 INDEX
A15: Task Description | B15: Formula | C15: Live Result
A16: Return Salary of 3rd employee | B16: =INDEX(HR_Data!$D$3:$D$32,3) -> 58435 | C16: =INDEX(HR_Data!$D$3:$D$32,3) -> 58435
A17: Return Employee Name at row 7 | B17: =INDEX(HR_Data!$B$3:$B$32,7) -> Amit Yadav | C17: =INDEX(HR_Data!$B$3:$B$32,7) -> Amit Yadav
A18: Return Department of 15th employee | B18: =INDEX(HR_Data!$C$3:$C$32,15) -> Operations | C18: =INDEX(HR_Data!$C$3:$C$32,15) -> Operations
A20: 📌 MATCH
A21: Task Description | B21: Formula | C21: Live Result
A22: Find position of Emp_ID E010 | B22: =MATCH("E010",HR_Data!$A$3:$A$32,0) -> 10 | C22: =MATCH("E010",HR_Data!$A$3:$A$32,0) -> 10
A23: Find position of Department 'Finance' | B23: =MATCH("Finance",HR_Data!$C$3:$C$32,0) -> 3 | C23: =MATCH("Finance",HR_Data!$C$3:$C$32,0) -> 3
A24: Find position of highest salary | B24: =MATCH(MAX(HR_Data!$D$3:$D$32),HR_Data!$D$3:$D$32,0) -> 8 | C24: =MATCH(MAX(HR_Data!$D$3:$D$32),HR_Data!$D$3:$D$32,0) -> 8
A26: 📌 INDEX-MATCH
A27: Task Description | B27: Formula | C27: Live Result
A28: Get Salary for employee 'Neha Gupta' | B28: =IFERROR(INDEX(HR_Data!$D$3:$D$32,MATCH("Neha Gupta",HR_Data!$B$3:$B$32,0)),"Not Found") -> 116778 | C28: =IFERROR(INDEX(HR_Data!$D$3:$D$32,MATCH("Neha Gupta",HR_Data!$B$3:$B$32,0)),"Not Found") -> 116778
A29: Get Department for employee 'Vijay Reddy' | B29: =IFERROR(INDEX(HR_Data!$C$3:$C$32,MATCH("Vijay Reddy",HR_Data!$B$3:$B$32,0)),"Not Found") -> HR | C29: =IFERROR(INDEX(HR_Data!$C$3:$C$32,MATCH("Vijay Reddy",HR_Data!$B$3:$B$32,0)),"Not Found") -> HR
A30: Get Name of highest-paid employee | B30: =INDEX(HR_Data!$B$3:$B$32,MATCH(MAX(HR_Data!$D$3:$D$32),HR_Data!$D$3:$D$32,0)) -> Neha Gupta | C30: =INDEX(HR_Data!$B$3:$B$32,MATCH(MAX(HR_Data!$D$3:$D$32),HR_Data!$D$3:$D$32,0)) -> Neha Gupta
A31: Get Emp_ID for employee 'Kavita Sharma' | B31: =IFERROR(INDEX(HR_Data!$A$3:$A$32,MATCH("Kavita Sharma",HR_Data!$B$3:$B$32,0)),"Not Found") -> E016 | C31: =IFERROR(INDEX(HR_Data!$A$3:$A$32,MATCH("Kavita Sharma",HR_Data!$B$3:$B$32,0)),"Not Found") -> E016

Sheet Practice_Tasks
A1: 📝 PRACTICE TASKS — HR EMPLOYEE RECORDS | VLOOKUP · HLOOKUP · INDEX · MATCH · INDEX-MATCH
A2: Instructions: Write your Excel formulas in Column E. Refer to HR_Data sheet for data. HLOOKUP reference table starts at row 36 on HR_Data sheet.
A3: # | B3: Topic | C3: Task | D3: Expected Output | E3: Your Answer
A4: 1 | B4: VLOOKUP | C4: Use VLOOKUP to find the Department of employee with Emp_ID = 'E003'. | D4: IT / HR / Finance etc. | E4: =VLOOKUP(HR_Data!A5,HR_Data!$A$2:$E$32,MATCH(HR_Data!C2,HR_Data!A2:E2,0),FALSE) -> Finance
A5: 2 | B5: VLOOKUP | C5: Use VLOOKUP to retrieve the Salary of employee with Emp_ID = 'E007'. | D5: ₹ value | E5: =VLOOKUP(HR_Data!A9,HR_Data!$A$2:$E$32,MATCH(HR_Data!D2,HR_Data!A2:E2,0),FALSE) -> 105599
A6: 3 | B6: VLOOKUP | C6: Use VLOOKUP to get the Performance Rating of Emp_ID = 'E015'. | D6: 1–5
A7: 4 | B7: HLOOKUP | C7: Use HLOOKUP on the Rating Scale Reference Table to find the Grade for a Performance Rating of 3. | D7: 'Average' | E7: =HLOOKUP(HR_Data!D36,HR_Data!A36:F38,MATCH(HR_Data!A37,HR_Data!A36:A38,0),TRUE) -> Average
A8: 5 | B8: HLOOKUP | C8: Use HLOOKUP to find the Bonus % for a Performance Rating of 5. | D8: '20%' | E8: =HLOOKUP(HR_Data!F36,HR_Data!A36:F38,MATCH(HR_Data!A38,HR_Data!A36:A38,0),TRUE) -> 20%
A9: 6 | B9: HLOOKUP | C9: Use HLOOKUP to find the Grade for a Performance Rating of 1. | D9: 'Poor' | E9: =HLOOKUP(HR_Data!B36,HR_Data!A36:F38,MATCH(HR_Data!A37,HR_Data!A36:A38,0),TRUE) -> Poor
A10: 7 | B10: INDEX-MATCH | C10: Use INDEX-MATCH to find the Salary of employee named 'Rohan Kapoor'. | D10: ₹ value | E10: =INDEX(HR_Data!$A$2:$E$32,MATCH("Rohan Kapoor",HR_Data!$B$2:$B$32,0),MATCH(HR_Data!$D$2,HR_Data!$A$2:$E$2,0)) -> 61144
A11: 8 | B11: INDEX-MATCH | C11: Use INDEX-MATCH to find the Department of 'Kavita Sharma'. | D11: Department name | E11: =INDEX(HR_Data!$A$2:$E$32,MATCH("Kavita Sharma",HR_Data!$B$2:$B$32,0),MATCH(HR_Data!$C$2,HR_Data!$A$2:$E$2,0)) -> HR
A12: 9 | B12: INDEX-MATCH | C12: Use INDEX-MATCH to find the Performance Rating of employee 'Suresh Kumar'. | D12: 1–5 | E12: =INDEX(HR_Data!$A$2:$E$32,MATCH("Rohan Kapoor",HR_Data!$B$2:$B$32,0),MATCH(HR_Data!$E$2,HR_Data!$A$2:$E$2,0)) -> 4
A13: 10 | B13: INDEX-MATCH | C13: Use IFERROR + INDEX-MATCH to search for an employee named 'Ravi Kumar' (not in data). Return 'Employee Not Found'. | D13: 'Employee Not Found' | E13: =IFERROR(INDEX(HR_Data!A2:E32,MATCH("Ravi Kumar",HR_Data!B2:B32,0),MATCH(HR_Data!B2,HR_Data!A2:E2,0)),"Employee Not Found") -> Employee Not Found

Sheet Quick_Reference
A1: 📖 QUICK REFERENCE CARD — VLOOKUP · HLOOKUP · INDEX · MATCH · INDEX-MATCH
A2: Function | B2: Syntax | C2: HR Example | D2: Key Notes
A3: VLOOKUP | B3: =VLOOKUP(lookup_val, table_array, col_index, [range_lookup]) | C3: =VLOOKUP("E005",HR_Data!$A$3:$E$32,3,FALSE) | D3: col_index: 1=ID, 2=Name, 3=Dept, 4=Salary, 5=Rating. Always use FALSE for exact match.
A4: HLOOKUP | B4: =HLOOKUP(lookup_val, table_array, row_index, [range_lookup]) | C4: =HLOOKUP(4,HR_Data!$B$36:$F$37,2,FALSE) | D4: Searches across the TOP ROW of table. row_index: 1=Rating, 2=Grade, 3=Bonus%.
A5: INDEX | B5: =INDEX(array, row_num, [col_num]) | C5: =INDEX(HR_Data!$D$3:$D$32,5) | D5: Returns a value at a given position. Row/col nums are relative to the array, not the sheet.
A6: MATCH | B6: =MATCH(lookup_val, lookup_array, [match_type]) | C6: =MATCH("E010",HR_Data!$A$3:$A$32,0) | D6: Returns POSITION (number), not value. match_type 0 = exact. Use with INDEX for power lookups.
A7: INDEX-MATCH | B7: =INDEX(return_range, MATCH(lookup_val, lookup_range, 0)) | C7: =INDEX(HR_Data!$D$3:$D$32,MATCH("Neha Gupta",HR_Data!$B$3:$B$32,0)) | D7: Preferred over VLOOKUP. Can look LEFT. Column order doesn't matter. Not affected by inserts.
A8: IFERROR + Lookup | B8: =IFERROR(your_formula, value_if_error) | C8: =IFERROR(VLOOKUP("E099",...),"Not Found") | D8: Always wrap lookups in IFERROR for blank cells, missing IDs, or out-of-range values.
A10: ⚡ VLOOKUP vs INDEX-MATCH — When to Use Which?
A11: Feature | B11: VLOOKUP | C11: INDEX-MATCH
A12: Lookup direction | B12: Left-to-right only | C12: Any direction (left, right, up) | D12: INDEX-MATCH wins
A13: Column insertion | B13: Breaks if columns are inserted | C13: Robust to column changes | D13: INDEX-MATCH wins
A14: Performance | B14: Slightly faster on small data | C14: Better on large datasets | D14: Depends on size
A15: Ease of use | B15: Simpler to write | C15: More complex syntax | D15: VLOOKUP wins
A16: Duplicate handling | B16: Returns first match only | C16: Returns first match only | D16: Same behaviour
